sample_id,V_TCS,T_C,P_MPa,H_RH
W00001,1.1575238704681396,29.141199111938477,0.1712000072002411,49.0806999206543
W00002,1.6172714233398438,29.141199111938477,0.1712000072002411,49.0806999206543
W00003,1.6172714233398438,29.141199111938477,0.1712000072002411,49.0806999206543
W00004,1.601946473121643,29.141199111938477,0.1712000072002411,49.0806999206543
W00005,1.15028715133667,29.141199111938477,0.1712000072002411,49.0806999206543
W00006,1.5473718643188477,29.141199111938477,0.1712000072002411,49.0806999206543
W00007,1.5473718643188477,29.141199111938477,0.1712000072002411,49.0806999206543
W00008,1.5341356992721558,29.141199111938477,0.1712000072002411,49.0806999206543
W00009,1.14509117603302,29.141199111938477,0.1712000072002411,49.0806999206543
W00010,1.4615864753723145,29.141199111938477,0.1712000072002411,49.0806999206543
W00011,1.4615864753723145,29.141199111938477,0.1712000072002411,49.0806999206543
W00012,1.4510366916656494,29.141199111938477,0.1712000072002411,49.0806999206543
W00013,1.147425889968872,29.141199111938477,0.1712000072002411,49.0806999206543
W00014,1.1446597576141357,29.141199111938477,0.1712000072002411,49.0806999206543
W00015,1.1446597576141357,29.141199111938477,0.1712000072002411,49.0806999206543
W00016,1.1447519063949585,29.141199111938477,0.1712000072002411,49.0806999206543
W00017,1.0918405055999756,18.99169921875,0.5267999768257141,39.972900390625
W00018,1.075082540512085,18.99169921875,0.5267999768257141,39.972900390625
W00019,1.075082540512085,18.99169921875,0.5267999768257141,39.972900390625
W00020,1.07564115524292,18.99169921875,0.5267999768257141,39.972900390625
W00021,1.0769442319869995,18.99169921875,0.5267999768257141,39.972900390625
W00022,1.0764412879943848,18.99169921875,0.5267999768257141,39.972900390625
W00023,1.0764412879943848,18.99169921875,0.5267999768257141,39.972900390625
W00024,1.0764580965042114,18.99169921875,0.5267999768257141,39.972900390625
W00025,1.0753004550933838,18.99169921875,0.5267999768257141,39.972900390625
W00026,1.0914720296859741,18.99169921875,0.5267999768257141,39.972900390625
W00027,1.0914720296859741,18.99169921875,0.5267999768257141,39.972900390625
W00028,1.090933084487915,18.99169921875,0.5267999768257141,39.972900390625
W00029,1.081635594367981,18.99169921875,0.5267999768257141,39.972900390625
W00030,1.0857313871383667,18.99169921875,0.5267999768257141,39.972900390625
W00031,1.0857313871383667,18.99169921875,0.5267999768257141,39.972900390625
W00032,1.085594892501831,18.99169921875,0.5267999768257141,39.972900390625
W00033,1.1161267757415771,25.30929946899414,0.4311000108718872,20.702800750732422
W00034,1.2778449058532715,25.30929946899414,0.4311000108718872,20.702800750732422
W00035,1.2778449058532715,25.30929946899414,0.4311000108718872,20.702800750732422
W00036,1.2724543809890747,25.30929946899414,0.4311000108718872,20.702800750732422
W00037,1.1316660642623901,25.30929946899414,0.4311000108718872,20.702800750732422
W00038,1.247148036956787,25.30929946899414,0.4311000108718872,20.702800750732422
W00039,1.247148036956787,25.30929946899414,0.4311000108718872,20.702800750732422
W00040,1.2432986497879028,25.30929946899414,0.4311000108718872,20.702800750732422
W00041,1.1179887056350708,25.30929946899414,0.4311000108718872,20.702800750732422
W00042,1.196620225906372,25.30929946899414,0.4311000108718872,20.702800750732422
W00043,1.196620225906372,25.30929946899414,0.4311000108718872,20.702800750732422
W00044,1.193999171257019,25.30929946899414,0.4311000108718872,20.702800750732422
W00045,1.1267520189285278,25.30929946899414,0.4311000108718872,20.702800750732422
W00046,1.3306331634521484,25.30929946899414,0.4311000108718872,20.702800750732422
W00047,1.3306331634521484,25.30929946899414,0.4311000108718872,20.702800750732422
W00048,1.323837161064148,25.30929946899414,0.4311000108718872,20.702800750732422
W00049,1.119092583656311,22.63990020751953,0.5776000022888184,33.92409896850586
W00050,1.133399486541748,22.63990020751953,0.5776000022888184,33.92409896850586
W00051,1.133399486541748,22.63990020751953,0.5776000022888184,33.92409896850586
W00052,1.1329225301742554,22.63990020751953,0.5776000022888184,33.92409896850586
W00053,1.1105777025222778,22.63990020751953,0.5776000022888184,33.92409896850586
W00054,1.1318408250808716,22.63990020751953,0.5776000022888184,33.92409896850586
W00055,1.1318408250808716,22.63990020751953,0.5776000022888184,33.92409896850586
W00056,1.1311321258544922,22.63990020751953,0.5776000022888184,33.92409896850586
W00057,1.1131139993667603,22.63990020751953,0.5776000022888184,33.92409896850586
W00058,1.132891058921814,22.63990020751953,0.5776000022888184,33.92409896850586
W00059,1.132891058921814,22.63990020751953,0.5776000022888184,33.92409896850586
W00060,1.1322318315505981,22.63990020751953,0.5776000022888184,33.92409896850586
W00061,1.114595890045166,22.63990020751953,0.5776000022888184,33.92409896850586
W00062,1.1293843984603882,22.63990020751953,0.5776000022888184,33.92409896850586
W00063,1.1293843984603882,22.63990020751953,0.5776000022888184,33.92409896850586
W00064,1.1288914680480957,22.63990020751953,0.5776000022888184,33.92409896850586
W00065,1.1140934228897095,23.823200225830078,0.30090001225471497,71.6404037475586
W00066,1.2650282382965088,23.823200225830078,0.30090001225471497,71.6404037475586
W00067,1.2650282382965088,23.823200225830078,0.30090001225471497,71.6404037475586
W00068,1.259997010231018,23.823200225830078,0.30090001225471497,71.6404037475586
W00069,1.1231247186660767,23.823200225830078,0.30090001225471497,71.6404037475586
W00070,1.247262954711914,23.823200225830078,0.30090001225471497,71.6404037475586
W00071,1.247262954711914,23.823200225830078,0.30090001225471497,71.6404037475586
W00072,1.243125081062317,23.823200225830078,0.30090001225471497,71.6404037475586
W00073,1.1172397136688232,23.823200225830078,0.30090001225471497,71.6404037475586
W00074,1.4443223476409912,23.823200225830078,0.30090001225471497,71.6404037475586
W00075,1.4443223476409912,23.823200225830078,0.30090001225471497,71.6404037475586
W00076,1.4334195852279663,23.823200225830078,0.30090001225471497,71.6404037475586
W00077,1.1036924123764038,23.823200225830078,0.30090001225471497,71.6404037475586
W00078,1.4242812395095825,23.823200225830078,0.30090001225471497,71.6404037475586
W00079,1.4242812395095825,23.823200225830078,0.30090001225471497,71.6404037475586
W00080,1.4135949611663818,23.823200225830078,0.30090001225471497,71.6404037475586
W00081,1.053578495979309,15.172800064086914,0.1031000018119812,52.79880142211914
W00082,1.0936150550842285,15.172800064086914,0.1031000018119812,52.79880142211914
W00083,1.0936150550842285,15.172800064086914,0.1031000018119812,52.79880142211914
W00084,1.0922805070877075,15.172800064086914,0.1031000018119812,52.79880142211914
W00085,1.040299415588379,15.172800064086914,0.1031000018119812,52.79880142211914
W00086,1.0955820083618164,15.172800064086914,0.1031000018119812,52.79880142211914
W00087,1.0955820083618164,15.172800064086914,0.1031000018119812,52.79880142211914
W00088,1.0937392711639404,15.172800064086914,0.1031000018119812,52.79880142211914
W00089,1.0472906827926636,15.172800064086914,0.1031000018119812,52.79880142211914
W00090,1.061363697052002,15.172800064086914,0.1031000018119812,52.79880142211914
W00091,1.061363697052002,15.172800064086914,0.1031000018119812,52.79880142211914
W00092,1.0608946084976196,15.172800064086914,0.1031000018119812,52.79880142211914
W00093,1.057356834411621,15.172800064086914,0.1031000018119812,52.79880142211914
W00094,1.066614031791687,15.172800064086914,0.1031000018119812,52.79880142211914
W00095,1.066614031791687,15.172800064086914,0.1031000018119812,52.79880142211914
W00096,1.0663055181503296,15.172800064086914,0.1031000018119812,52.79880142211914
W00097,1.058576226234436,16.016700744628906,0.2206999957561493,39.03670120239258
W00098,1.2491244077682495,16.016700744628906,0.2206999957561493,39.03670120239258
W00099,1.2491244077682495,16.016700744628906,0.2206999957561493,39.03670120239258
W00100,1.2427728176116943,16.016700744628906,0.2206999957561493,39.03670120239258
W00101,1.0710091590881348,16.016700744628906,0.2206999957561493,39.03670120239258
W00102,1.117546558380127,16.016700744628906,0.2206999957561493,39.03670120239258
W00103,1.117546558380127,16.016700744628906,0.2206999957561493,39.03670120239258
W00104,1.1159952878952026,16.016700744628906,0.2206999957561493,39.03670120239258
W00105,1.0553085803985596,16.016700744628906,0.2206999957561493,39.03670120239258
W00106,1.1464736461639404,16.016700744628906,0.2206999957561493,39.03670120239258
W00107,1.1464736461639404,16.016700744628906,0.2206999957561493,39.03670120239258
W00108,1.1434348821640015,16.016700744628906,0.2206999957561493,39.03670120239258
W00109,1.0628390312194824,16.016700744628906,0.2206999957561493,39.03670120239258
W00110,1.0958449840545654,16.016700744628906,0.2206999957561493,39.03670120239258
W00111,1.0958449840545654,16.016700744628906,0.2206999957561493,39.03670120239258
W00112,1.0947448015213013,16.016700744628906,0.2206999957561493,39.03670120239258
W00113,1.0886306762695312,20.179399490356445,0.6363999843597412,34.926300048828125
W00114,1.2077423334121704,20.179399490356445,0.6363999843597412,34.926300048828125
W00115,1.2077423334121704,20.179399490356445,0.6363999843597412,34.926300048828125
W00116,1.203771948814392,20.179399490356445,0.6363999843597412,34.926300048828125
W00117,1.089930534362793,20.179399490356445,0.6363999843597412,34.926300048828125
W00118,1.4532257318496704,20.179399490356445,0.6363999843597412,34.926300048828125
W00119,1.4532257318496704,20.179399490356445,0.6363999843597412,34.926300048828125
W00120,1.4411158561706543,20.179399490356445,0.6363999843597412,34.926300048828125
W00121,1.0929385423660278,20.179399490356445,0.6363999843597412,34.926300048828125
W00122,1.10102379322052,20.179399490356445,0.6363999843597412,34.926300048828125
W00123,1.10102379322052,20.179399490356445,0.6363999843597412,34.926300048828125
W00124,1.1007543802261353,20.179399490356445,0.6363999843597412,34.926300048828125
W00125,1.0763639211654663,20.179399490356445,0.6363999843597412,34.926300048828125
W00126,1.3660390377044678,20.179399490356445,0.6363999843597412,34.926300048828125
W00127,1.3660390377044678,20.179399490356445,0.6363999843597412,34.926300048828125
W00128,1.356383204460144,20.179399490356445,0.6363999843597412,34.926300048828125
