sample_id,mixture_id,stage_id,x_H2,x_CH4,x_CO2,x_N2,T_C,P_MPa,H_RH,L_m,piston_position_m,pressure_stage,distance_stage,repeat_id,status,source_timestep,source_phase_id
W00001,MD00001,baseline_stage,26.31600570678711,63.64939880371094,2.7616169452667236,7.272980213165283,29.141199111938477,0.1712000072002411,49.0806999206543,0.20000000298023224,0.20000000298023224,low,short,0,calibration_control,0,baseline
W00002,MD00001,distance_stage,26.31600570678711,63.64939880371094,2.7616169452667236,7.272980213165283,29.141199111938477,0.1712000072002411,49.0806999206543,0.20000000298023224,0.20000000298023224,mid,mid,0,synthetic_measurement,70,steady
W00003,MD00001,pressure_stage,26.31600570678711,63.64939880371094,2.7616169452667236,7.272980213165283,29.141199111938477,0.1712000072002411,49.0806999206543,0.20000000298023224,0.20000000298023224,high,long,0,synthetic_measurement,85,steady
W00004,MD00001,purge_stage,26.31600570678711,63.64939880371094,2.7616169452667236,7.272980213165283,29.141199111938477,0.1712000072002411,49.0806999206543,0.20000000298023224,0.20000000298023224,mid,mid,0,synthetic_measurement,100,recovery
W00005,MD00001,baseline_stage,22.714807510375977,72.59333038330078,2.7616169452667236,1.9302480220794678,29.141199111938477,0.1712000072002411,49.0806999206543,0.6000000238418579,0.6000000238418579,low,short,0,calibration_control,0,baseline
W00006,MD00001,distance_stage,22.714807510375977,72.59333038330078,2.7616169452667236,1.9302480220794678,29.141199111938477,0.1712000072002411,49.0806999206543,0.6000000238418579,0.6000000238418579,mid,mid,0,synthetic_measurement,70,steady
W00007,MD00001,pressure_stage,22.714807510375977,72.59333038330078,2.7616169452667236,1.9302480220794678,29.141199111938477,0.1712000072002411,49.0806999206543,0.6000000238418579,0.6000000238418579,high,long,0,synthetic_measurement,85,steady
W00008,MD00001,purge_stage,22.714807510375977,72.59333038330078,2.7616169452667236,1.9302480220794678,29.141199111938477,0.1712000072002411,49.0806999206543,0.6000000238418579,0.6000000238418579,mid,mid,0,synthetic_measurement,100,recovery
W00009,MD00001,baseline_stage,18.291990280151367,72.01055145263672,2.7616169452667236,6.935842037200928,29.141199111938477,0.1712000072002411,49.0806999206543,1.0,1.0,low,short,0,calibration_control,0,baseline
W00010,MD00001,distance_stage,18.291990280151367,72.01055145263672,2.7616169452667236,6.935842037200928,29.141199111938477,0.1712000072002411,49.0806999206543,1.0,1.0,mid,mid,0,synthetic_measurement,70,steady
W00011,MD00001,pressure_stage,18.291990280151367,72.01055145263672,2.7616169452667236,6.935842037200928,29.141199111938477,0.1712000072002411,49.0806999206543,1.0,1.0,high,long,0,synthetic_measurement,85,steady
W00012,MD00001,purge_stage,18.291990280151367,72.01055145263672,2.7616169452667236,6.935842037200928,29.141199111938477,0.1712000072002411,49.0806999206543,1.0,1.0,mid,mid,0,synthetic_measurement,100,recovery
W00013,MD00001,baseline_stage,0.5436739921569824,82.38797760009766,2.6228740215301514,14.445470809936523,29.141199111938477,0.1712000072002411,49.0806999206543,1.399999976158142,1.399999976158142,low,short,0,calibration_control,0,baseline
W00014,MD00001,distance_stage,0.5436739921569824,82.38797760009766,2.6228740215301514,14.445470809936523,29.141199111938477,0.1712000072002411,49.0806999206543,1.399999976158142,1.399999976158142,mid,mid,0,synthetic_measurement,70,steady
W00015,MD00001,pressure_stage,0.5436739921569824,82.38797760009766,2.6228740215301514,14.445470809936523,29.141199111938477,0.1712000072002411,49.0806999206543,1.399999976158142,1.399999976158142,high,long,0,synthetic_measurement,85,steady
W00016,MD00001,purge_stage,0.5436739921569824,82.38797760009766,2.6228740215301514,14.445470809936523,29.141199111938477,0.1712000072002411,49.0806999206543,1.399999976158142,1.399999976158142,mid,mid,0,synthetic_measurement,100,recovery
W00017,MD00002,baseline_stage,0.7635539770126343,76.86074829101562,8.412677764892578,13.963019371032715,18.99169921875,0.5267999768257141,39.972900390625,0.20000000298023224,0.20000000298023224,low,short,0,calibration_control,0,baseline
W00018,MD00002,distance_stage,0.7635539770126343,76.86074829101562,8.412677764892578,13.963019371032715,18.99169921875,0.5267999768257141,39.972900390625,0.20000000298023224,0.20000000298023224,mid,mid,0,synthetic_measurement,70,steady
W00019,MD00002,pressure_stage,0.7635539770126343,76.86074829101562,8.412677764892578,13.963019371032715,18.99169921875,0.5267999768257141,39.972900390625,0.20000000298023224,0.20000000298023224,high,long,0,synthetic_measurement,85,steady
W00020,MD00002,purge_stage,0.7635539770126343,76.86074829101562,8.412677764892578,13.963019371032715,18.99169921875,0.5267999768257141,39.972900390625,0.20000000298023224,0.20000000298023224,mid,mid,0,synthetic_measurement,100,recovery
W00021,MD00002,baseline_stage,0.7635539770126343,77.1236572265625,7.23815393447876,14.874635696411133,18.99169921875,0.5267999768257141,39.972900390625,0.6000000238418579,0.6000000238418579,low,short,0,calibration_control,0,baseline
W00022,MD00002,distance_stage,0.7635539770126343,77.1236572265625,7.23815393447876,14.874635696411133,18.99169921875,0.5267999768257141,39.972900390625,0.6000000238418579,0.6000000238418579,mid,mid,0,synthetic_measurement,70,steady
W00023,MD00002,pressure_stage,0.7635539770126343,77.1236572265625,7.23815393447876,14.874635696411133,18.99169921875,0.5267999768257141,39.972900390625,0.6000000238418579,0.6000000238418579,high,long,0,synthetic_measurement,85,steady
W00024,MD00002,purge_stage,0.7635539770126343,77.1236572265625,7.23815393447876,14.874635696411133,18.99169921875,0.5267999768257141,39.972900390625,0.6000000238418579,0.6000000238418579,mid,mid,0,synthetic_measurement,100,recovery
W00025,MD00002,baseline_stage,0.7635539770126343,84.03050994873047,0.21330299973487854,14.992630004882812,18.99169921875,0.5267999768257141,39.972900390625,1.0,1.0,low,short,0,calibration_control,0,baseline
W00026,MD00002,distance_stage,0.7635539770126343,84.03050994873047,0.21330299973487854,14.992630004882812,18.99169921875,0.5267999768257141,39.972900390625,1.0,1.0,mid,mid,0,synthetic_measurement,70,steady
W00027,MD00002,pressure_stage,0.7635539770126343,84.03050994873047,0.21330299973487854,14.992630004882812,18.99169921875,0.5267999768257141,39.972900390625,1.0,1.0,high,long,0,synthetic_measurement,85,steady
W00028,MD00002,purge_stage,0.7635539770126343,84.03050994873047,0.21330299973487854,14.992630004882812,18.99169921875,0.5267999768257141,39.972900390625,1.0,1.0,mid,mid,0,synthetic_measurement,100,recovery
W00029,MD00002,baseline_stage,0.7635539770126343,85.05567169189453,4.1732330322265625,10.007545471191406,18.99169921875,0.5267999768257141,39.972900390625,1.399999976158142,1.399999976158142,low,short,0,calibration_control,0,baseline
W00030,MD00002,distance_stage,0.7635539770126343,85.05567169189453,4.1732330322265625,10.007545471191406,18.99169921875,0.5267999768257141,39.972900390625,1.399999976158142,1.399999976158142,mid,mid,0,synthetic_measurement,70,steady
W00031,MD00002,pressure_stage,0.7635539770126343,85.05567169189453,4.1732330322265625,10.007545471191406,18.99169921875,0.5267999768257141,39.972900390625,1.399999976158142,1.399999976158142,high,long,0,synthetic_measurement,85,steady
W00032,MD00002,purge_stage,0.7635539770126343,85.05567169189453,4.1732330322265625,10.007545471191406,18.99169921875,0.5267999768257141,39.972900390625,1.399999976158142,1.399999976158142,mid,mid,0,synthetic_measurement,100,recovery
W00033,MD00003,baseline_stage,9.705846786499023,82.66951751708984,6.624685764312744,0.9999529719352722,25.30929946899414,0.4311000108718872,20.702800750732422,0.20000000298023224,0.20000000298023224,low,short,0,calibration_control,0,baseline
W00034,MD00003,distance_stage,9.705846786499023,82.66951751708984,6.624685764312744,0.9999529719352722,25.30929946899414,0.4311000108718872,20.702800750732422,0.20000000298023224,0.20000000298023224,mid,mid,0,synthetic_measurement,70,steady
W00035,MD00003,pressure_stage,9.705846786499023,82.66951751708984,6.624685764312744,0.9999529719352722,25.30929946899414,0.4311000108718872,20.702800750732422,0.20000000298023224,0.20000000298023224,high,long,0,synthetic_measurement,85,steady
W00036,MD00003,purge_stage,9.705846786499023,82.66951751708984,6.624685764312744,0.9999529719352722,25.30929946899414,0.4311000108718872,20.702800750732422,0.20000000298023224,0.20000000298023224,mid,mid,0,synthetic_measurement,100,recovery
W00037,MD00003,baseline_stage,6.976586818695068,70.68312072753906,3.0466690063476562,19.293622970581055,25.30929946899414,0.4311000108718872,20.702800750732422,0.6000000238418579,0.6000000238418579,low,short,0,calibration_control,0,baseline
W00038,MD00003,distance_stage,6.976586818695068,70.68312072753906,3.0466690063476562,19.293622970581055,25.30929946899414,0.4311000108718872,20.702800750732422,0.6000000238418579,0.6000000238418579,mid,mid,0,synthetic_measurement,70,steady
W00039,MD00003,pressure_stage,6.976586818695068,70.68312072753906,3.0466690063476562,19.293622970581055,25.30929946899414,0.4311000108718872,20.702800750732422,0.6000000238418579,0.6000000238418579,high,long,0,synthetic_measurement,85,steady
W00040,MD00003,purge_stage,6.976586818695068,70.68312072753906,3.0466690063476562,19.293622970581055,25.30929946899414,0.4311000108718872,20.702800750732422,0.6000000238418579,0.6000000238418579,mid,mid,0,synthetic_measurement,100,recovery
W00041,MD00003,baseline_stage,6.0866780281066895,67.306396484375,11.863241195678711,14.74368667602539,25.30929946899414,0.4311000108718872,20.702800750732422,1.0,1.0,low,short,0,calibration_control,0,baseline
W00042,MD00003,distance_stage,6.0866780281066895,67.306396484375,11.863241195678711,14.74368667602539,25.30929946899414,0.4311000108718872,20.702800750732422,1.0,1.0,mid,mid,0,synthetic_measurement,70,steady
W00043,MD00003,pressure_stage,6.0866780281066895,67.306396484375,11.863241195678711,14.74368667602539,25.30929946899414,0.4311000108718872,20.702800750732422,1.0,1.0,high,long,0,synthetic_measurement,85,steady
W00044,MD00003,purge_stage,6.0866780281066895,67.306396484375,11.863241195678711,14.74368667602539,25.30929946899414,0.4311000108718872,20.702800750732422,1.0,1.0,mid,mid,0,synthetic_measurement,100,recovery
W00045,MD00003,baseline_stage,11.714874267578125,81.07746887207031,0.27564799785614014,6.932010173797607,25.30929946899414,0.4311000108718872,20.702800750732422,1.399999976158142,1.399999976158142,low,short,0,calibration_control,0,baseline
W00046,MD00003,distance_stage,11.714874267578125,81.07746887207031,0.27564799785614014,6.932010173797607,25.30929946899414,0.4311000108718872,20.702800750732422,1.399999976158142,1.399999976158142,mid,mid,0,synthetic_measurement,70,steady
W00047,MD00003,pressure_stage,11.714874267578125,81.07746887207031,0.27564799785614014,6.932010173797607,25.30929946899414,0.4311000108718872,20.702800750732422,1.399999976158142,1.399999976158142,high,long,0,synthetic_measurement,85,steady
W00048,MD00003,purge_stage,11.714874267578125,81.07746887207031,0.27564799785614014,6.932010173797607,25.30929946899414,0.4311000108718872,20.702800750732422,1.399999976158142,1.399999976158142,mid,mid,0,synthetic_measurement,100,recovery
W00049,MD00004,baseline_stage,1.7609659433364868,77.40362548828125,1.0272469520568848,19.80815887451172,22.63990020751953,0.5776000022888184,33.92409896850586,0.20000000298023224,0.20000000298023224,low,short,0,calibration_control,0,baseline
W00050,MD00004,distance_stage,1.7609659433364868,77.40362548828125,1.0272469520568848,19.80815887451172,22.63990020751953,0.5776000022888184,33.92409896850586,0.20000000298023224,0.20000000298023224,mid,mid,0,synthetic_measurement,70,steady
W00051,MD00004,pressure_stage,1.7609659433364868,77.40362548828125,1.0272469520568848,19.80815887451172,22.63990020751953,0.5776000022888184,33.92409896850586,0.20000000298023224,0.20000000298023224,high,long,0,synthetic_measurement,85,steady
W00052,MD00004,purge_stage,1.7609659433364868,77.40362548828125,1.0272469520568848,19.80815887451172,22.63990020751953,0.5776000022888184,33.92409896850586,0.20000000298023224,0.20000000298023224,mid,mid,0,synthetic_measurement,100,recovery
W00053,MD00004,baseline_stage,1.7609659433364868,82.65570068359375,1.0272469520568848,14.5560884475708,22.63990020751953,0.5776000022888184,33.92409896850586,0.6000000238418579,0.6000000238418579,low,short,0,calibration_control,0,baseline
W00054,MD00004,distance_stage,1.7609659433364868,82.65570068359375,1.0272469520568848,14.5560884475708,22.63990020751953,0.5776000022888184,33.92409896850586,0.6000000238418579,0.6000000238418579,mid,mid,0,synthetic_measurement,70,steady
W00055,MD00004,pressure_stage,1.7609659433364868,82.65570068359375,1.0272469520568848,14.5560884475708,22.63990020751953,0.5776000022888184,33.92409896850586,0.6000000238418579,0.6000000238418579,high,long,0,synthetic_measurement,85,steady
W00056,MD00004,purge_stage,1.7609659433364868,82.65570068359375,1.0272469520568848,14.5560884475708,22.63990020751953,0.5776000022888184,33.92409896850586,0.6000000238418579,0.6000000238418579,mid,mid,0,synthetic_measurement,100,recovery
W00057,MD00004,baseline_stage,1.7609659433364868,96.645263671875,1.0272469520568848,0.5665270090103149,22.63990020751953,0.5776000022888184,33.92409896850586,1.0,1.0,low,short,0,calibration_control,0,baseline
W00058,MD00004,distance_stage,1.7609659433364868,96.645263671875,1.0272469520568848,0.5665270090103149,22.63990020751953,0.5776000022888184,33.92409896850586,1.0,1.0,mid,mid,0,synthetic_measurement,70,steady
W00059,MD00004,pressure_stage,1.7609659433364868,96.645263671875,1.0272469520568848,0.5665270090103149,22.63990020751953,0.5776000022888184,33.92409896850586,1.0,1.0,high,long,0,synthetic_measurement,85,steady
W00060,MD00004,purge_stage,1.7609659433364868,96.645263671875,1.0272469520568848,0.5665270090103149,22.63990020751953,0.5776000022888184,33.92409896850586,1.0,1.0,mid,mid,0,synthetic_measurement,100,recovery
W00061,MD00004,baseline_stage,1.7609659433364868,82.83061981201172,1.0272469520568848,14.381168365478516,22.63990020751953,0.5776000022888184,33.92409896850586,1.399999976158142,1.399999976158142,low,short,0,calibration_control,0,baseline
W00062,MD00004,distance_stage,1.7609659433364868,82.83061981201172,1.0272469520568848,14.381168365478516,22.63990020751953,0.5776000022888184,33.92409896850586,1.399999976158142,1.399999976158142,mid,mid,0,synthetic_measurement,70,steady
W00063,MD00004,pressure_stage,1.7609659433364868,82.83061981201172,1.0272469520568848,14.381168365478516,22.63990020751953,0.5776000022888184,33.92409896850586,1.399999976158142,1.399999976158142,high,long,0,synthetic_measurement,85,steady
W00064,MD00004,purge_stage,1.7609659433364868,82.83061981201172,1.0272469520568848,14.381168365478516,22.63990020751953,0.5776000022888184,33.92409896850586,1.399999976158142,1.399999976158142,mid,mid,0,synthetic_measurement,100,recovery
W00065,MD00005,baseline_stage,9.003349304199219,74.53604125976562,2.737391948699951,13.723217964172363,23.823200225830078,0.30090001225471497,71.6404037475586,0.20000000298023224,0.20000000298023224,low,short,0,calibration_control,0,baseline
W00066,MD00005,distance_stage,9.003349304199219,74.53604125976562,2.737391948699951,13.723217964172363,23.823200225830078,0.30090001225471497,71.6404037475586,0.20000000298023224,0.20000000298023224,mid,mid,0,synthetic_measurement,70,steady
W00067,MD00005,pressure_stage,9.003349304199219,74.53604125976562,2.737391948699951,13.723217964172363,23.823200225830078,0.30090001225471497,71.6404037475586,0.20000000298023224,0.20000000298023224,high,long,0,synthetic_measurement,85,steady
W00068,MD00005,purge_stage,9.003349304199219,74.53604125976562,2.737391948699951,13.723217964172363,23.823200225830078,0.30090001225471497,71.6404037475586,0.20000000298023224,0.20000000298023224,mid,mid,0,synthetic_measurement,100,recovery
W00069,MD00005,baseline_stage,8.80515193939209,71.52214050292969,6.936903953552246,12.735804557800293,23.823200225830078,0.30090001225471497,71.6404037475586,0.6000000238418579,0.6000000238418579,low,short,0,calibration_control,0,baseline
W00070,MD00005,distance_stage,8.80515193939209,71.52214050292969,6.936903953552246,12.735804557800293,23.823200225830078,0.30090001225471497,71.6404037475586,0.6000000238418579,0.6000000238418579,mid,mid,0,synthetic_measurement,70,steady
W00071,MD00005,pressure_stage,8.80515193939209,71.52214050292969,6.936903953552246,12.735804557800293,23.823200225830078,0.30090001225471497,71.6404037475586,0.6000000238418579,0.6000000238418579,high,long,0,synthetic_measurement,85,steady
W00072,MD00005,purge_stage,8.80515193939209,71.52214050292969,6.936903953552246,12.735804557800293,23.823200225830078,0.30090001225471497,71.6404037475586,0.6000000238418579,0.6000000238418579,mid,mid,0,synthetic_measurement,100,recovery
W00073,MD00005,baseline_stage,20.041139602661133,62.62538528442383,8.783973693847656,8.549498558044434,23.823200225830078,0.30090001225471497,71.6404037475586,1.0,1.0,low,short,0,calibration_control,0,baseline
W00074,MD00005,distance_stage,20.041139602661133,62.62538528442383,8.783973693847656,8.549498558044434,23.823200225830078,0.30090001225471497,71.6404037475586,1.0,1.0,mid,mid,0,synthetic_measurement,70,steady
W00075,MD00005,pressure_stage,20.041139602661133,62.62538528442383,8.783973693847656,8.549498558044434,23.823200225830078,0.30090001225471497,71.6404037475586,1.0,1.0,high,long,0,synthetic_measurement,85,steady
W00076,MD00005,purge_stage,20.041139602661133,62.62538528442383,8.783973693847656,8.549498558044434,23.823200225830078,0.30090001225471497,71.6404037475586,1.0,1.0,mid,mid,0,synthetic_measurement,100,recovery
W00077,MD00005,baseline_stage,19.207834243774414,66.12289428710938,9.592753410339355,5.076515197753906,23.823200225830078,0.30090001225471497,71.6404037475586,1.399999976158142,1.399999976158142,low,short,0,calibration_control,0,baseline
W00078,MD00005,distance_stage,19.207834243774414,66.12289428710938,9.592753410339355,5.076515197753906,23.823200225830078,0.30090001225471497,71.6404037475586,1.399999976158142,1.399999976158142,mid,mid,0,synthetic_measurement,70,steady
W00079,MD00005,pressure_stage,19.207834243774414,66.12289428710938,9.592753410339355,5.076515197753906,23.823200225830078,0.30090001225471497,71.6404037475586,1.399999976158142,1.399999976158142,high,long,0,synthetic_measurement,85,steady
W00080,MD00005,purge_stage,19.207834243774414,66.12289428710938,9.592753410339355,5.076515197753906,23.823200225830078,0.30090001225471497,71.6404037475586,1.399999976158142,1.399999976158142,mid,mid,0,synthetic_measurement,100,recovery
W00081,MD00006,baseline_stage,2.4949989318847656,76.61290740966797,1.138056993484497,19.7540340423584,15.172800064086914,0.1031000018119812,52.79880142211914,0.20000000298023224,0.20000000298023224,low,short,0,calibration_control,0,baseline
W00082,MD00006,distance_stage,2.4949989318847656,76.61290740966797,1.138056993484497,19.7540340423584,15.172800064086914,0.1031000018119812,52.79880142211914,0.20000000298023224,0.20000000298023224,mid,mid,0,synthetic_measurement,70,steady
W00083,MD00006,pressure_stage,2.4949989318847656,76.61290740966797,1.138056993484497,19.7540340423584,15.172800064086914,0.1031000018119812,52.79880142211914,0.20000000298023224,0.20000000298023224,high,long,0,synthetic_measurement,85,steady
W00084,MD00006,purge_stage,2.4949989318847656,76.61290740966797,1.138056993484497,19.7540340423584,15.172800064086914,0.1031000018119812,52.79880142211914,0.20000000298023224,0.20000000298023224,mid,mid,0,synthetic_measurement,100,recovery
W00085,MD00006,baseline_stage,2.4949989318847656,86.68367767333984,0.5316089987754822,10.289715766906738,15.172800064086914,0.1031000018119812,52.79880142211914,0.6000000238418579,0.6000000238418579,low,short,0,calibration_control,0,baseline
W00086,MD00006,distance_stage,2.4949989318847656,86.68367767333984,0.5316089987754822,10.289715766906738,15.172800064086914,0.1031000018119812,52.79880142211914,0.6000000238418579,0.6000000238418579,mid,mid,0,synthetic_measurement,70,steady
W00087,MD00006,pressure_stage,2.4949989318847656,86.68367767333984,0.5316089987754822,10.289715766906738,15.172800064086914,0.1031000018119812,52.79880142211914,0.6000000238418579,0.6000000238418579,high,long,0,synthetic_measurement,85,steady
W00088,MD00006,purge_stage,2.4949989318847656,86.68367767333984,0.5316089987754822,10.289715766906738,15.172800064086914,0.1031000018119812,52.79880142211914,0.6000000238418579,0.6000000238418579,mid,mid,0,synthetic_measurement,100,recovery
W00089,MD00006,baseline_stage,1.4962819814682007,72.5177993774414,11.555379867553711,14.430536270141602,15.172800064086914,0.1031000018119812,52.79880142211914,1.0,1.0,low,short,0,calibration_control,0,baseline
W00090,MD00006,distance_stage,1.4962819814682007,72.5177993774414,11.555379867553711,14.430536270141602,15.172800064086914,0.1031000018119812,52.79880142211914,1.0,1.0,mid,mid,0,synthetic_measurement,70,steady
W00091,MD00006,pressure_stage,1.4962819814682007,72.5177993774414,11.555379867553711,14.430536270141602,15.172800064086914,0.1031000018119812,52.79880142211914,1.0,1.0,high,long,0,synthetic_measurement,85,steady
W00092,MD00006,purge_stage,1.4962819814682007,72.5177993774414,11.555379867553711,14.430536270141602,15.172800064086914,0.1031000018119812,52.79880142211914,1.0,1.0,mid,mid,0,synthetic_measurement,100,recovery
W00093,MD00006,baseline_stage,2.4949989318847656,72.7552261352539,11.555379867553711,13.1943941116333,15.172800064086914,0.1031000018119812,52.79880142211914,1.399999976158142,1.399999976158142,low,short,0,calibration_control,0,baseline
W00094,MD00006,distance_stage,2.4949989318847656,72.7552261352539,11.555379867553711,13.1943941116333,15.172800064086914,0.1031000018119812,52.79880142211914,1.399999976158142,1.399999976158142,mid,mid,0,synthetic_measurement,70,steady
W00095,MD00006,pressure_stage,2.4949989318847656,72.7552261352539,11.555379867553711,13.1943941116333,15.172800064086914,0.1031000018119812,52.79880142211914,1.399999976158142,1.399999976158142,high,long,0,synthetic_measurement,85,steady
W00096,MD00006,purge_stage,2.4949989318847656,72.7552261352539,11.555379867553711,13.1943941116333,15.172800064086914,0.1031000018119812,52.79880142211914,1.399999976158142,1.399999976158142,mid,mid,0,synthetic_measurement,100,recovery
W00097,MD00007,baseline_stage,12.649243354797363,70.82733154296875,12.471187591552734,4.05224084854126,16.016700744628906,0.2206999957561493,39.03670120239258,0.20000000298023224,0.20000000298023224,low,short,0,calibration_control,0,baseline
W00098,MD00007,distance_stage,12.649243354797363,70.82733154296875,12.471187591552734,4.05224084854126,16.016700744628906,0.2206999957561493,39.03670120239258,0.20000000298023224,0.20000000298023224,mid,mid,0,synthetic_measurement,70,steady
W00099,MD00007,pressure_stage,12.649243354797363,70.82733154296875,12.471187591552734,4.05224084854126,16.016700744628906,0.2206999957561493,39.03670120239258,0.20000000298023224,0.20000000298023224,high,long,0,synthetic_measurement,85,steady
W00100,MD00007,purge_stage,12.649243354797363,70.82733154296875,12.471187591552734,4.05224084854126,16.016700744628906,0.2206999957561493,39.03670120239258,0.20000000298023224,0.20000000298023224,mid,mid,0,synthetic_measurement,100,recovery
W00101,MD00007,baseline_stage,4.538814067840576,72.20369720458984,6.0492987632751465,17.20818519592285,16.016700744628906,0.2206999957561493,39.03670120239258,0.6000000238418579,0.6000000238418579,low,short,0,calibration_control,0,baseline
W00102,MD00007,distance_stage,4.538814067840576,72.20369720458984,6.0492987632751465,17.20818519592285,16.016700744628906,0.2206999957561493,39.03670120239258,0.6000000238418579,0.6000000238418579,mid,mid,0,synthetic_measurement,70,steady
W00103,MD00007,pressure_stage,4.538814067840576,72.20369720458984,6.0492987632751465,17.20818519592285,16.016700744628906,0.2206999957561493,39.03670120239258,0.6000000238418579,0.6000000238418579,high,long,0,synthetic_measurement,85,steady
W00104,MD00007,purge_stage,4.538814067840576,72.20369720458984,6.0492987632751465,17.20818519592285,16.016700744628906,0.2206999957561493,39.03670120239258,0.6000000238418579,0.6000000238418579,mid,mid,0,synthetic_measurement,100,recovery
W00105,MD00007,baseline_stage,6.14979887008667,69.4627914428711,9.568796157836914,14.81861400604248,16.016700744628906,0.2206999957561493,39.03670120239258,1.0,1.0,low,short,0,calibration_control,0,baseline
W00106,MD00007,distance_stage,6.14979887008667,69.4627914428711,9.568796157836914,14.81861400604248,16.016700744628906,0.2206999957561493,39.03670120239258,1.0,1.0,mid,mid,0,synthetic_measurement,70,steady
W00107,MD00007,pressure_stage,6.14979887008667,69.4627914428711,9.568796157836914,14.81861400604248,16.016700744628906,0.2206999957561493,39.03670120239258,1.0,1.0,high,long,0,synthetic_measurement,85,steady
W00108,MD00007,purge_stage,6.14979887008667,69.4627914428711,9.568796157836914,14.81861400604248,16.016700744628906,0.2206999957561493,39.03670120239258,1.0,1.0,mid,mid,0,synthetic_measurement,100,recovery
W00109,MD00007,baseline_stage,3.139059066772461,81.22999572753906,9.999592781066895,5.631350994110107,16.016700744628906,0.2206999957561493,39.03670120239258,1.399999976158142,1.399999976158142,low,short,0,calibration_control,0,baseline
W00110,MD00007,distance_stage,3.139059066772461,81.22999572753906,9.999592781066895,5.631350994110107,16.016700744628906,0.2206999957561493,39.03670120239258,1.399999976158142,1.399999976158142,mid,mid,0,synthetic_measurement,70,steady
W00111,MD00007,pressure_stage,3.139059066772461,81.22999572753906,9.999592781066895,5.631350994110107,16.016700744628906,0.2206999957561493,39.03670120239258,1.399999976158142,1.399999976158142,high,long,0,synthetic_measurement,85,steady
W00112,MD00007,purge_stage,3.139059066772461,81.22999572753906,9.999592781066895,5.631350994110107,16.016700744628906,0.2206999957561493,39.03670120239258,1.399999976158142,1.399999976158142,mid,mid,0,synthetic_measurement,100,recovery
W00113,MD00008,baseline_stage,8.249937057495117,80.1081771850586,9.381495475769043,2.260390043258667,20.179399490356445,0.6363999843597412,34.926300048828125,0.20000000298023224,0.20000000298023224,low,short,0,calibration_control,0,baseline
W00114,MD00008,distance_stage,8.249937057495117,80.1081771850586,9.381495475769043,2.260390043258667,20.179399490356445,0.6363999843597412,34.926300048828125,0.20000000298023224,0.20000000298023224,mid,mid,0,synthetic_measurement,70,steady
W00115,MD00008,pressure_stage,8.249937057495117,80.1081771850586,9.381495475769043,2.260390043258667,20.179399490356445,0.6363999843597412,34.926300048828125,0.20000000298023224,0.20000000298023224,high,long,0,synthetic_measurement,85,steady
W00116,MD00008,purge_stage,8.249937057495117,80.1081771850586,9.381495475769043,2.260390043258667,20.179399490356445,0.6363999843597412,34.926300048828125,0.20000000298023224,0.20000000298023224,mid,mid,0,synthetic_measurement,100,recovery
W00117,MD00008,baseline_stage,21.434898376464844,56.90718078613281,9.381495475769043,12.276426315307617,20.179399490356445,0.6363999843597412,34.926300048828125,0.6000000238418579,0.6000000238418579,low,short,0,calibration_control,0,baseline
W00118,MD00008,distance_stage,21.434898376464844,56.90718078613281,9.381495475769043,12.276426315307617,20.179399490356445,0.6363999843597412,34.926300048828125,0.6000000238418579,0.6000000238418579,mid,mid,0,synthetic_measurement,70,steady
W00119,MD00008,pressure_stage,21.434898376464844,56.90718078613281,9.381495475769043,12.276426315307617,20.179399490356445,0.6363999843597412,34.926300048828125,0.6000000238418579,0.6000000238418579,high,long,0,synthetic_measurement,85,steady
W00120,MD00008,purge_stage,21.434898376464844,56.90718078613281,9.381495475769043,12.276426315307617,20.179399490356445,0.6363999843597412,34.926300048828125,0.6000000238418579,0.6000000238418579,mid,mid,0,synthetic_measurement,100,recovery
W00121,MD00008,baseline_stage,1.1993169784545898,88.73138427734375,7.106453895568848,2.962841033935547,20.179399490356445,0.6363999843597412,34.926300048828125,1.0,1.0,low,short,0,calibration_control,0,baseline
W00122,MD00008,distance_stage,1.1993169784545898,88.73138427734375,7.106453895568848,2.962841033935547,20.179399490356445,0.6363999843597412,34.926300048828125,1.0,1.0,mid,mid,0,synthetic_measurement,70,steady
W00123,MD00008,pressure_stage,1.1993169784545898,88.73138427734375,7.106453895568848,2.962841033935547,20.179399490356445,0.6363999843597412,34.926300048828125,1.0,1.0,high,long,0,synthetic_measurement,85,steady
W00124,MD00008,purge_stage,1.1993169784545898,88.73138427734375,7.106453895568848,2.962841033935547,20.179399490356445,0.6363999843597412,34.926300048828125,1.0,1.0,mid,mid,0,synthetic_measurement,100,recovery
W00125,MD00008,baseline_stage,16.68783950805664,61.48324203491211,9.381495475769043,12.44742202758789,20.179399490356445,0.6363999843597412,34.926300048828125,1.399999976158142,1.399999976158142,low,short,0,calibration_control,0,baseline
W00126,MD00008,distance_stage,16.68783950805664,61.48324203491211,9.381495475769043,12.44742202758789,20.179399490356445,0.6363999843597412,34.926300048828125,1.399999976158142,1.399999976158142,mid,mid,0,synthetic_measurement,70,steady
W00127,MD00008,pressure_stage,16.68783950805664,61.48324203491211,9.381495475769043,12.44742202758789,20.179399490356445,0.6363999843597412,34.926300048828125,1.399999976158142,1.399999976158142,high,long,0,synthetic_measurement,85,steady
W00128,MD00008,purge_stage,16.68783950805664,61.48324203491211,9.381495475769043,12.44742202758789,20.179399490356445,0.6363999843597412,34.926300048828125,1.399999976158142,1.399999976158142,mid,mid,0,synthetic_measurement,100,recovery
